TableName, FieldName
AggStats, DCID
AggStats, AdminPVs
AggStats, Date
AggStats, Enrollment
AggStats, Hits
AggStats, ID
AggStats, NumSchools
AggStats, PageViews
AggStats, ParentHits
AggStats, ParentLogins
AggStats, ParentPVs
AggStats, PG3Hits
AggStats, PGIHits
AggStats, PortalPVs
AggStats, ReportQueueJobs
AggStats, Server
AggStats, Server_InstanceID
AggStats, ServerName
AggStats, StudentHits
AggStats, StudentLogins
AggStats, StudentPVs
AggStats, TeacherPVs
AggStats, Time
AggStats, TotalPVs
AggStats, TotLogins
AggStats, Type
Att_Code_Code_Entity, DCID
Att_Code_Code_Entity, Attendance_CodeID
Att_Code_Code_Entity, Code_EntityID
Att_Code_Code_Entity, ID
Attendance_Code, DCID
Attendance_Code, Alternate_Code
Attendance_Code, Assignment_Filter_YN
Attendance_Code, Att_Code
Attendance_Code, AttendanceCodeInfo_guid
Attendance_Code, Calculate_ADA_YN
Attendance_Code, Calculate_ADM_YN
Attendance_Code, Course_Credit_Points
Attendance_Code, Description
Attendance_Code, ID
Attendance_Code, Presence_Status_CD
Attendance_Code, SchoolID
Attendance_Code, SortOrder
Attendance_Code, Unused1
Attendance_Code, YearID
Attendance_Conversion, DCID
Attendance_Conversion, ID
Attendance_Conversion, Name
Attendance_Conversion, SchoolID
Attendance_Conversion, Year_ID
Attendance_Conversion_Items, DCID
Attendance_Conversion_Items, Attendance_Conversion_ID
Attendance_Conversion_Items, Attendance_Value
Attendance_Conversion_Items, Comment
Attendance_Conversion_Items, Conversion_Mode_Code
Attendance_Conversion_Items, DayPartID
Attendance_Conversion_Items, FTEID
Attendance_Conversion_Items, ID
Attendance_Conversion_Items, Input_Value
Attendance_Conversion_Items, unused
Attendance, DCID
Attendance, ADA_Value_Code
Attendance, ADA_Value_Time
Attendance, ADM_Value
Attendance, Att_Comment
Attendance, Att_Date
Attendance, Att_Flags
Attendance, Att_Interval
Attendance, Att_Mode_Code
Attendance, Attendance_CodeID
Attendance, Calendar_DayID
Attendance, CCID
Attendance, ID
Attendance, ip_address
Attendance, Lock_Reporting_YN
Attendance, Lock_Teacher_YN
Attendance, Parent_AttendanceID
Attendance, PeriodID
Attendance, Prog_Crse_Type
Attendance, ProgramID
Attendance, SchoolID
Attendance, StudentID
Attendance, Total_Minutes
Attendance, Transaction_Type
Attendance, whomodifiedid
Attendance, whomodifiedtype
Attendance, YearID
AttendanceQueue, DCID
AttendanceQueue, Att_Comment
AttendanceQueue, Att_Date
AttendanceQueue, Att_Interval
AttendanceQueue, Att_Mode_Code
AttendanceQueue, Attendance_CodeID
AttendanceQueue, Calendar_DayID
AttendanceQueue, CCID
AttendanceQueue, DateRecorded
AttendanceQueue, ID
AttendanceQueue, Lock_Teacher_YN
AttendanceQueue, OldAttendance_CodeID
AttendanceQueue, Parent_AttendanceID
AttendanceQueue, PeriodID
AttendanceQueue, Program_Name
AttendanceQueue, SchoolID
AttendanceQueue, SectionID
AttendanceQueue, StudentID
AttendanceQueue, TimeRecorded
AttendanceQueue, Total_Minutes
AttendanceQueue, Transaction_Type
AttendanceQueue, Unused1
AttendanceQueue, Unused2
AttendanceQueue, YearID
Attendance_Taken, DCID
Attendance_Taken, Att_Date
Attendance_Taken, Att_Interval
Attendance_Taken, Att_Taken_Dt
Attendance_Taken, ID
Attendance_Taken, ip_address
Attendance_Taken, PeriodID
Attendance_Taken, SectionID
Attendance_Taken, whomodifiedid
Attendance_Taken, whomodifiedtype
Audit_Log, DCID
Audit_Log, DB_ObjectID
Audit_Log, ID
Audit_Log, IPAddress
Audit_Log, Log_Dt
Audit_Log, Log_Tm
Audit_Log, Modify_By
Audit_Log, Modify_Dt
Audit_Log, Old_Data
Audit_Log, PKID
Audit_Log, Transaction_Type
Audit_Log, UserID
AutoComm, DCID
AutoComm, Charset
AutoComm, Date1
AutoComm, Date2
AutoComm, Days
AutoComm, Disabled
AutoComm, FieldDelim
AutoComm, Fields
AutoComm, FileNum
AutoComm, FTPAcctName
AutoComm, FTPFlag
AutoComm, FTPHost
AutoComm, FTPPassword
AutoComm, Hour
AutoComm, ID
AutoComm, ImportExport
AutoComm, Minutes
AutoComm, Name
AutoComm, PassiveMode
AutoComm, Path
AutoComm, PluginURLEndpointID
AutoComm, RecDelim
AutoComm, ReportEmail
AutoComm, SchoolID
AutoComm, Search
AutoComm, SortOrder
AutoComm, StudentEnrollStatus
AutoComm, Surround
AutoComm, SynchMode
AutoComm, Timeout
AutoComm, TransferMeth
AutoComm, UpdateRecsMode
AutoComm, UseNumberOfRecs
AutoComm, UseUploadType
AutoComm, WhichAtt
Awsched_Preference, DCID
Awsched_Preference, DPCycle
Awsched_Preference, ID
Awsched_Preference, LoadMin
Awsched_Preference, LoadPct
Awsched_Preference, LoadUseMax
Awsched_Preference, MaxSubsAtaTime
Awsched_Preference, MaxSubstPerStud
Awsched_Preference, PPD
Awsched_Preference, RndSeed
Awsched_Preference, SchoolID
Awsched_Preference, Sterms
Awsched_Preference, Use_Bldg
Awsched_Preference, Use_House
Awsched_Preference, UseGlobalSubstitution
Awsched_Preference, UseStudentCrsSubstitution
Awsched_Preference, YearID
Bell_Schedule, DCID
Bell_Schedule, Attendance_Conversion_ID
Bell_Schedule, ID
Bell_Schedule, Name
Bell_Schedule, SchoolID
Bell_Schedule, Year_ID
Bell_Schedule_Items, DCID
Bell_Schedule_Items, ADA_Code
Bell_Schedule_Items, Bell_Schedule_ID
Bell_Schedule_Items, Daily_Attendance_Code
Bell_Schedule_Items, Daily_Time_In_Default
Bell_Schedule_Items, Daily_Time_Out_Default
Bell_Schedule_Items, DayPartID
Bell_Schedule_Items, End_Time
Bell_Schedule_Items, ID
Bell_Schedule_Items, Minutes_Attended
Bell_Schedule_Items, Period_ID
Bell_Schedule_Items, Start_Time
Calendar_Day, DCID
Calendar_Day, A
Calendar_Day, B
Calendar_Day, Bell_Schedule_ID
Calendar_Day, C
Calendar_Day, Cycle_Day_ID
Calendar_Day, D
Calendar_Day, Date
Calendar_Day, E
Calendar_Day, F
Calendar_Day, ID
Calendar_Day, InSession
Calendar_Day, MembershipValue
Calendar_Day, Note
Calendar_Day, ScheduleID
Calendar_Day, SchoolID
Calendar_Day, Type
Calendar_Day, Week_Num
Code_Entity, DCID
Code_Entity, CE_Code
Code_Entity, CE_Entity
Code_Entity, ComponentID
Code_Entity, Description
Code_Entity, Effective_End_Dt
Code_Entity, Effective_Start_Dt
Code_Entity, External_Name
Code_Entity, ID
Code_Entity, Internal_Name
Code_Entity, SchoolID
Code_Entity, SortOrder
Code_Entity, Unused1
Courses, DCID
Courses, Add_to_GPA
Courses, Code
Courses, Corequisites
Courses, Course_Name
Courses, Course_Number
Courses, CRDC_SingleSexCode
Courses, Credit_Hours
Courses, CreditType
Courses, CrHrWeight
Courses, Custom
Courses, Exclude_ADA
Courses, ExcludeFromClassRank
Courses, ExcludeFromGPA
Courses, ExcludeFromHonorRoll
Courses, ExcludeFromStoredGrades
Courses, GPA_AddedValue
Courses, GradeScaleID
Courses, ID
Courses, MA_AP
Courses, MA_CoreAcademicIndicator
Courses, MA_course_level
Courses, MA_exclude_from_dataWarehouse
Courses, MA_exclude_from_epims
Courses, MA_grade_level
Courses, MA_marknotrequired
Courses, MA_nces_code
Courses, MA_nopercent
Courses, MA_SchoolCode
Courses, MA_ungraded
Courses, MaxClassSize
Courses, MaxCredit
Courses, Multiterm
Courses, PowerLink
Courses, PowerLinkSpan
Courses, Prerequisites
Courses, ProgramID
Courses, RegAvailable
Courses, RegCourseGroup
Courses, RegGradeLevels
Courses, RegTeachers
Courses, Sched_BalancePriority
Courses, Sched_BalanceTerms
Courses, Sched_BlockStart
Courses, Sched_CloseSectionAfterMax
Courses, Sched_ConcurrentFlag
Courses, Sched_ConsecutivePeriods
Courses, Sched_ConsecutiveTerms
Courses, Sched_CoursePackage
Courses, Sched_CoursePkgContents
Courses, Sched_CourseSubjectAreaCode
Courses, Sched_Department
Courses, Sched_Do_Not_Print
Courses, Sched_ExtraDayScheduleTypeCode
Courses, Sched_Facilities
Courses, Sched_Frequency
Courses, Sched_FullCatalogDescription
Courses, Sched_GlobalSubstitution1
Courses, Sched_GlobalSubstitution2
Courses, Sched_GlobalSubstitution3
Courses, Sched_LabFlag
Courses, Sched_LabFrequency
Courses, Sched_LabPeriodsPerMeeting
Courses, Sched_LengthInNumberOfTerms
Courses, Sched_LoadPriority
Courses, Sched_LoadType
Courses, Sched_LunchCourse
Courses, Sched_MaximumDaysPerCycle
Courses, Sched_MaximumEnrollment
Courses, Sched_MaximumPeriodsPerDay
Courses, Sched_MinimumDaysPerCycle
Courses, Sched_MinimumPeriodsPerDay
Courses, Sched_MultipleRooms
Courses, Sched_PeriodsPerCycle
Courses, Sched_PeriodsPerMeeting
Courses, Sched_RepeatsAllowed
Courses, Sched_Scheduled
Courses, Sched_ScheduleTypeCode
Courses, Sched_SectionsOffered
Courses, Sched_SubstitutionAllowed
Courses, Sched_TeacherCount
Courses, Sched_UsePreEstablishedTeams
Courses, Sched_UseSectionTypes
Courses, Sched_ValidDayCombinations
Courses, Sched_ValidExtraDayCombinations
Courses, Sched_ValidStartPeriods
Courses, Sched_Year
Courses, SchoolGroup
Courses, SchoolID
Courses, SectionsToOffer
Courses, Status
Courses, TargetClassSize
Courses, TermsOffered
Courses, Vocational
CustomText, DCID
CustomText, FieldNo
CustomText, ID
CustomText, KeyNo
CustomText, Value
CustomVarchars, DCID
CustomVarchars, FieldNo
CustomVarchars, ID
CustomVarchars, KeyNo
CustomVarchars, Value
Cycle_Day, DCID
Cycle_Day, Abbreviation
Cycle_Day, Day_Name
Cycle_Day, Day_Number
Cycle_Day, ID
Cycle_Day, Letter
Cycle_Day, SchoolID
Cycle_Day, SortOrder
Cycle_Day, Year_ID
DBLog, DCID
DBLog, Code
DBLog, Date
DBLog, ID
DBLog, IPAddress
DBLog, SchoolID
DBLog, Server_InstanceID
DBLog, TData
DBLog, Time
DBLog, Type
DBLog, UserID
DB_Object, DCID
DB_Object, Audit_YN
DB_Object, Cleanup_Freq
DB_Object, ID
DB_Object, Name
DB_Object, Object_Internal_Num
DB_Object, Object_Type
DB_Object, Parent_DBObjectID
DB_Object, unused
DB_Object, unused2
DB_Object, unused3
DB_Object, Write_To_File_YN
DB_Version, DCID
DB_Version, CreatedBy
DB_Version, CreatedDT
DB_Version, ID
DB_Version, MajorVersion
DB_Version, MinorVersion
DB_Version, Version
Department, DCID
Department, Description
Department, ID
Department, SchoolID
Fee_Type, DCID
Fee_Type, CreationDate
Fee_Type, Custom
Fee_Type, Description
Fee_Type, Fee_Category_Name
Fee_Type, ID
Fee_Type, ModificationDate
Fee_Type, Name
Fee_Type, Priority
Fee_Type, SchoolID
Fields, DCID
Fields, ColNo
Fields, Cols
Fields, Data
Fields, DataIndex
Fields, Datalen
Fields, Default
Fields, Description
Fields, DispName
Fields, FieldNo
Fields, FileNo
Fields, FormatString
Fields, Help
Fields, HowDisp
Fields, HTML
Fields, ID
Fields, InputFilter
Fields, InUse
Fields, MaxLen
Fields, MaxVal
Fields, MinLen
Fields, MinVal
Fields, Name
Fields, Required
Fields, Rows
Fields, SyncStatus
Fields, Type
Fields, Unused1
FTE, DCID
FTE, Description
FTE, Dflt_Att_Mode_Code
FTE, Dflt_Conversion_Mode_Code
FTE, FTE_Value
FTE, ID
FTE, Name
FTE, SchoolID
FTE, YearID
FTE_Grade, DCID
FTE_Grade, FTEID
FTE_Grade, Grade_Level
FTE_Grade, ID
Gen, DCID
Gen, Cat
Gen, Custom
Gen, Date
Gen, Date2
Gen, ID
Gen, Log
Gen, Name
Gen, PowerLink
Gen, PowerLinkSpan
Gen, SchoolID
Gen, SortOrder
Gen, spedindicator
Gen, Time1
Gen, Time2
Gen, Value
Gen, Value2
Gen, Value_x
Gen, ValueLi
Gen, ValueLi2
Gen, ValueLi3
Gen, ValueLi4
Gen, ValueR
Gen, ValueR2
Gen, ValueT
Gen, ValueT2
Gen, YearID
GradeScaleItem, DCID
GradeScaleItem, AddedValue
GradeScaleItem, Alt_Grade_Points
GradeScaleItem, CountsInGPA
GradeScaleItem, CutoffPercentage
GradeScaleItem, CutoffPoints
GradeScaleItem, Description
GradeScaleItem, ExcludeFromAFG
GradeScaleItem, Grade_Points
GradeScaleItem, Grade_Replacement_Policy
GradeScaleItem, GradeScaleID
GradeScaleItem, GraduationCredit
GradeScaleItem, ID
GradeScaleItem, Modify_Code
GradeScaleItem, Name
GradeScaleItem, TeacherScale
GradeScaleItem, Value
GradReqSets, DCID
GradReqSets, GradReqSetID
GradReqSets, Name
GradReqSets, SchoolID
HonorRoll, DCID
HonorRoll, DateStored
HonorRoll, GPA
HonorRoll, Grade_Level
HonorRoll, ID
HonorRoll, Level
HonorRoll, Log
HonorRoll, Message
HonorRoll, Method
HonorRoll, SchoolID
HonorRoll, SchoolName
HonorRoll, StoreCode
HonorRoll, StudentID
HonorRoll, YearID
Logins, DCID
Logins, Hits
Logins, ID
Logins, IPAddr
Logins, LoginDate
Logins, LoginTicks
Logins, LoginTime
Logins, LogoutDate
Logins, LogoutStatus
Logins, LogoutTime
Logins, MinutesOnline
Logins, Name
Logins, PageViews
Logins, Platform
Logins, PSID
Logins, PW
Logins, SchoolID
Logins, Server_Instance_Id
Logins, StudentID
Logins, Unused1
Logins, UserAgent
Logins, UserID
Logins, UserType
MimeTypes, DCID
MimeTypes, Mime
MimeTypes, Suffix
Pages, DCID
Pages, Directory
Pages, Filename
Pages, ID
Pages, ModDate
Pages, ModifyCode
Pages, ModSecs
Pages, ModTime
Pages, Path
Pages, Security
Period, DCID
Period, Abbreviation
Period, ID
Period, Name
Period, Period_Number
Period, SchoolID
Period, Sort_Order
Period, Year_ID
Person, DCID
Person, ID
PGAssignments, DCID
PGAssignments, Abbreviation
PGAssignments, AssignmentID
PGAssignments, DateDue
PGAssignments, Description
PGAssignments, GradebookType
PGAssignments, ID
PGAssignments, IncludeInFinalGrades
PGAssignments, Name
PGAssignments, PGCategoriesID
PGAssignments, PointsPossible
PGAssignments, PublishDaysBeforeDue
PGAssignments, PublishOnSpecificDate
PGAssignments, PublishScores
PGAssignments, PublishState
PGAssignments, SectionID
PGAssignments, Type
PGAssignments, Weight
PGCategories, DCID
PGCategories, Abbreviation
PGCategories, DefaultPtsPoss
PGCategories, Description
PGCategories, ID
PGCategories, Name
PGCategories, SectionID
PGCategories, Unused1
PGNotification, DCID
PGNotification, Category
PGNotification, ID
PGNotification, Identifier
PGNotification, Ntf_Value
PGNotification, SchoolID
PGNotification, SectionID
PGNotification, TeacherID
PGNotification, YearID
PhoneLog, DCID
PhoneLog, Date
PhoneLog, Duration
PhoneLog, EntryType
PhoneLog, ID
PhoneLog, LogType
PhoneLog, OptionsChosen
PhoneLog, SchoolID
PhoneLog, StartTicks
PhoneLog, StartTime
PhoneLog, StudentID
Prefs, DCID
Prefs, ID
Prefs, Name
Prefs, SchoolID
Prefs, UserID
Prefs, Value
Prefs, YearID
Relationship, DCID
Relationship, ID
Relationship, Person_ID
Relationship, ReciprocalRelationship_ID
Relationship, RelatedPerson_ID
RepoBatchSetups, DCID
RepoBatchSetups, Checksum
RepoBatchSetups, Creation_Date
RepoBatchSetups, Creation_Time
RepoBatchSetups, Creation_Timestamp
RepoBatchSetups, Current_Selection_BLOB
RepoBatchSetups, Destination
RepoBatchSetups, End_Date
RepoBatchSetups, End_Time
RepoBatchSetups, External_FileName
RepoBatchSetups, External_FileSize
RepoBatchSetups, FileName
RepoBatchSetups, Internal_ID
RepoBatchSetups, International_Chars_Option
RepoBatchSetups, Merger_Action
RepoBatchSetups, Priority
RepoBatchSetups, Report_Output
RepoBatchSetups, ReportID
RepoBatchSetups, ReportSetupID
RepoBatchSetups, Resulting_error_code
RepoBatchSetups, Resulting_error_message
RepoBatchSetups, SchoolID
RepoBatchSetups, Server_InstanceID
RepoBatchSetups, Setups
RepoBatchSetups, Specific_Date
RepoBatchSetups, Specific_Time
RepoBatchSetups, Start_Date
RepoBatchSetups, Start_Time
RepoBatchSetups, Start_Timestamp
RepoBatchSetups, Status
RepoBatchSetups, TableToUse_Name
RepoBatchSetups, Type
RepoBatchSetups, Use_Current_Selection
RepoBatchSetups, User_variables_as_text
RepoBatchSetups, User_Environment_BLOB
RepoBatchSetups, UserID
RepoBatchSetups, When_To_Execute
RepoBatchSetups, zWhat_to_do_with_result
RepoLookupTablesContentsItems, DCID
RepoLookupTablesContentsItems, Field_Index
RepoLookupTablesContentsItems, Internal_ID
RepoLookupTablesContentsItems, LookupTableID
RepoLookupTablesContentsItems, LookupTableRecordID
RepoLookupTablesContentsItems, Value
RepoLookupTablesContRecords, DCID
RepoLookupTablesContRecords, Internal_ID
RepoLookupTablesContRecords, LookupTableID
RepoLookupTablesContRecords, Record_Index
RepoLookupTables, DCID
RepoLookupTables, Internal_ID
RepoLookupTables, ReportSetupID
RepoLookupTables, Table_Name
RepoLookupTablesDefItems, DCID
RepoLookupTablesDefItems, Description
RepoLookupTablesDefItems, Field_Index
RepoLookupTablesDefItems, Internal_ID
RepoLookupTablesDefItems, Item_Name
RepoLookupTablesDefItems, LookupTableID
RepoLookupTablesDefItems, max_nbr_of_chars
RepoLookupTablesDefItems, Value_Type
Reports, DCID
Reports, Body
Reports, ColumnTitles
Reports, Custom
Reports, Footing
Reports, Heading
Reports, ID
Reports, MasterFile
Reports, Name
Reports, NumCols
Reports, SchoolID
Reports, TeacherAccess
Reports, Type
Reports, unused5
Reports, unused6
RepoSetups, DCID
RepoSetups, columns_display_headers
RepoSetups, columns_export_headers
RepoSetups, columns_generate_total_line
RepoSetups, columns_multi_order
RepoSetups, columns_nbr_items_per_line
RepoSetups, columns_nbr_lines_per_page
RepoSetups, columns_nbr_of_break_level
RepoSetups, comments_to_user
RepoSetups, contact_email
RepoSetups, contact_job_title
RepoSetups, contact_name
RepoSetups, contact_phone
RepoSetups, contact_url
RepoSetups, CreationBy
RepoSetups, CreationDate
RepoSetups, CreationTime
RepoSetups, DateOfImport
RepoSetups, Description
RepoSetups, destination_email_dest_address
RepoSetups, destination_email_msg
RepoSetups, destination_email_send_as_attac
RepoSetups, destination_email_subject
RepoSetups, destination_file_path
RepoSetups, destination_ftp_password
RepoSetups, destination_ftp_path
RepoSetups, destination_ftp_server_name
RepoSetups, destination_ftp_user_name
RepoSetups, destination_type
RepoSetups, destination_web_MIME_type
RepoSetups, Disable_Curr_School_Only_Over
RepoSetups, Disable_Destination_Over
RepoSetups, Disable_Int_Char_Option_Over
RepoSetups, Disable_Nbr_of_Items_per_Line
RepoSetups, Disable_Nbr_of_Lines_per_Page
RepoSetups, Disable_Use_Current_Sel_Over
RepoSetups, Dont_Reset_Page_Number
RepoSetups, DoubleQuote_RemoveWhenEmpty
RepoSetups, DoubleQuoteSurrounded
RepoSetups, due_date
RepoSetups, encoding_type
RepoSetups, FieldDelimiter
RepoSetups, FileFormat
RepoSetups, FileNameMaxLength
RepoSetups, FileNameTemplate
RepoSetups, FileNameTemplate_
RepoSetups, FixedLength_TotalWidthInChars
RepoSetups, footer_display
RepoSetups, footer_export
RepoSetups, footer_repeat_at_breaks
RepoSetups, footer_text
RepoSetups, For_current_school
RepoSetups, general_owner_info
RepoSetups, header_display
RepoSetups, header_Export
RepoSetups, header_repeat_at_breaks
RepoSetups, header_text
RepoSetups, Include_in_List
RepoSetups, Internal_ID
RepoSetups, International_Chars_Option
RepoSetups, List_of_Values
RepoSetups, LoadedFrom_DateStamp
RepoSetups, LoadedFrom_FileName
RepoSetups, LoadedFrom_FilePathOnly
RepoSetups, Management_ReportVersion
RepoSetups, Merger_User_Vars_Action
RepoSetups, ModificationBy
RepoSetups, ModificationDate
RepoSetups, ModificationTime
RepoSetups, Param_Att_Codes
RepoSetups, Param_Att_Codes_Categ
RepoSetups, Param_Att_Codes_Categ_Opt
RepoSetups, Param_Att_Codes_Options
RepoSetups, Param_Att_Conv
RepoSetups, Param_Att_Modes
RepoSetups, Param_DateRange
RepoSetups, Param_DateToScan
RepoSetups, Param_Dest
RepoSetups, Param_Grades
RepoSetups, Param_Grades_Options
RepoSetups, Param_Grades_Script
RepoSetups, Param_Items_per_Line
RepoSetups, Param_JavaScript_ToInsert
RepoSetups, Param_Lines_per_page
RepoSetups, Param_Misc
RepoSetups, Param_Misc_Options
RepoSetups, Param_Periods
RepoSetups, Param_Periods_Options
RepoSetups, Param_Prcs_Options
RepoSetups, Param_Prcs_Options_Def
RepoSetups, Param_Rep_Segments
RepoSetups, Param_Schools
RepoSetups, Param_Schools_Options
RepoSetups, Param_Schools_Script
RepoSetups, Param_Source
RepoSetups, Param_Starting_Page_Nbr
RepoSetups, Param_Submit_Button_Code
RepoSetups, Param_Teachers
RepoSetups, Param_Teachers_Options
RepoSetups, Param_Teachers_Script
RepoSetups, Param_Update_Script
RepoSetups, Param_UserVars_Sel_Script
RepoSetups, Param_Weeks
RepoSetups, Param_Weeks_Options
RepoSetups, programmer_comments
RepoSetups, RecordDelimiter
RepoSetups, ReportCategory
RepoSetups, ReportID
RepoSetups, ReportName
RepoSetups, ReportType
RepoSetups, revision_date
RepoSetups, send_conf_to_email_address
RepoSetups, send_error_to_email_address
RepoSetups, State_ID
RepoSetups, TableToUse
RepoSetups, TableToUse_Name
RepoSetups, Template
RepoSetups, Unused1
RepoSetups, Use_Current_Selection
RepoSetups, Use_Parameters_YN
RepoSetups, UserModifiable
RepoSetups, validation_expression
RepoSetups, Value_Type
RepoSetups, XML_FormatVersion
RepoSetupsItems, DCID
RepoSetupsItems, Conversion_Table_Def_Value
RepoSetupsItems, ConversionTable
RepoSetupsItems, DataToExport
RepoSetupsItems, description
RepoSetupsItems, display_format
RepoSetupsItems, FixedLength_FillChar
RepoSetupsItems, FixedLength_Justification
RepoSetupsItems, FixedLength_Length
RepoSetupsItems, FixedLength_StartPosition
RepoSetupsItems, Internal_ID
RepoSetupsItems, ItemNbr
RepoSetupsItems, MissingValueSymbol
RepoSetupsItems, nbr_of_decimals
RepoSetupsItems, ReportSetupID
RepoSetupsItems, TitleHeading
RepoSetupsItems, trim_nbr_of_chars
RepoSetupsItems, trim_start_at
RepoSetupsItems, Unused1
RepoSetupsItems, user_info
RepoSetupsItems, user_modifiable
RepoSetupsItems, Value_Type
RepoSetupsOrderBy, DCID
RepoSetupsOrderBy, Break_Generation
RepoSetupsOrderBy, Break_Gen_Formula
RepoSetupsOrderBy, Direction_UP
RepoSetupsOrderBy, Field_Number
RepoSetupsOrderBy, Formula_and_Parameters
RepoSetupsOrderBy, Formula_and_Parameters_display
RepoSetupsOrderBy, Internal_ID
RepoSetupsOrderBy, Order_Index
RepoSetupsOrderBy, ReportSetupID
RepoSetupsOrderBy, Table_Number
RepoSetupsOrderBy, Unused1
RepoSetupsOrderBy, Value_Type
RepoSetupsQueries, DCID
RepoSetupsQueries, Comments
RepoSetupsQueries, Internal_ID
RepoSetupsQueries, Order_Index
RepoSetupsQueries, ReportSetupID
RepoSetupsQueries, Simple_Query
RepoSetupsQueries, Table_Name
RepoSetupsQueries, Table_Nbr
RepoSetupsQueries, Type
RepoSetupsQueryItems, DCID
RepoSetupsQueryItems, Comparator
RepoSetupsQueryItems, Conjunction
RepoSetupsQueryItems, Field_Number
RepoSetupsQueryItems, Formula_and_or_Parameters
RepoSetupsQueryItems, Formula_and_or_Parameters_
RepoSetupsQueryItems, Internal_ID
RepoSetupsQueryItems, Order_Index
RepoSetupsQueryItems, QueryID
RepoSetupsQueryItems, Table_Number
RepoSetupsQueryItems, Unused1
RepoSetupsQueryItems, Value_as_String
RepoSetupsQueryItems, Value_Type
RepoSetupsUserData, DCID
RepoSetupsUserData, DefaultValue
RepoSetupsUserData, Description
RepoSetupsUserData, Display_as
RepoSetupsUserData, Display_as_info
RepoSetupsUserData, Internal_ID
RepoSetupsUserData, Name
RepoSetupsUserData, Options
RepoSetupsUserData, Order_Index
RepoSetupsUserData, ReportSetupID
RepoSetupsUserData, Required
RepoSetupsUserData, To_Update
RepoSetupsUserData, Unused1
RepoSetupsUserData, user_info
RepoSetupsUserData, Valid_Lower_Limit
RepoSetupsUserData, Valid_max_nbr_of_chars
RepoSetupsUserData, Valid_min_nbr_of_chars
RepoSetupsUserData, Valid_Upper_Limit
RepoSetupsUserData, Value_Type
RepoSetupsUserDataDefaults, DCID
RepoSetupsUserDataDefaults, DefaultValue
RepoSetupsUserDataDefaults, Internal_ID
RepoSetupsUserDataDefaults, ReportSetupID
RepoSetupsUserDataDefaults, SchoolID
RepoSetupsUserDataDefaults, UserData_name
RepoSetupsVariables, DCID
RepoSetupsVariables, Description
RepoSetupsVariables, Initialization_Value
RepoSetupsVariables, Internal_ID
RepoSetupsVariables, Missing_value_symbol
RepoSetupsVariables, Name
RepoSetupsVariables, Order_Index
RepoSetupsVariables, Permanent_in_Merger
RepoSetupsVariables, ReportSetupID
RepoSetupsVariables, Value
RepoSetupsVariables, Value_Type
RepoSetupsVariables, When_to_set
RObj, DCID
RObj, Custom
RObj, ID
RObj, Label
RObj, Layer
RObj, Name
RObj, Name2
RObj, Page
RObj, ReportID
RObj, Seq
RObj, Text
RObj, Type
RObj, x1
RObj, x2
RObj, y1
RObj, y2
Room, DCID
Room, Building
Room, Department
Room, facilities
Room, House
Room, ID
Room, Name
Room, Occupancy_Maximum
Room, Room_Number
Room, RoomInfo_guid
Room, SchoolID
School_Course, DCID
School_Course, Alt_Course_Number
School_Course, Att_Mode_Code
School_Course, CourseID
School_Course, CreatedBy
School_Course, CreatedDT
School_Course, Exclude_State_Rpt_YN
School_Course, ID
School_Course, ModifiedBy
School_Course, ModifiedDT
School_Course, SchoolCrseInfo_guid
School_Course, SchoolID
School_Course, Status
School_Course, YearID
Schools, DCID
Schools, Abbreviation
Schools, ActiveCrsList
Schools, Address
Schools, Alternate_School_Number
Schools, AsstPrincipal
Schools, AsstPrincipalEmail
Schools, AsstPrincipalPhone
Schools, BulletinEmail
Schools, C_SCHOOL_REGISTRAR.Registrar_email
Schools, C_SCHOOL_REGISTRAR.Registrar_name
Schools, C_SCHOOL_REGISTRAR.Registrar_notes
Schools, C_SCHOOL_REGISTRAR.Registrar_phone
Schools, CountyName
Schools, CountyNbr
Schools, Custom
Schools, DfltNextSchool
Schools, District_Number
Schools, Fee_Exemption_Status
Schools, High_Grade
Schools, Hist_High_Grade
Schools, Hist_Low_Grade
Schools, ID
Schools, IsSummerSchool
Schools, Low_Grade
Schools, Name
Schools, PortalID
Schools, Principal
Schools, PrincipalEmail
Schools, PrincipalPhone
Schools, PSComm_Path
Schools, S_SCH_CRDC_X.CorpPunishment_YN
Schools, S_SCH_CRDC_X.CreditRecovery_YN
Schools, S_SCH_CRDC_X.DualEnrollment_YN
Schools, S_SCH_CRDC_X.FTESecurity_YN
Schools, S_SCH_CRDC_X.JusticeFacilityDays
Schools, S_SCH_CRDC_X.JusticeFacilityHours
Schools, S_SCH_CRDC_X.JusticeFacilityType
Schools, S_SCH_CRDC_X.PreKGAgeNonIDEA3_YN
Schools, S_SCH_CRDC_X.PreKGAgeNonIDEA4_YN
Schools, S_SCH_CRDC_X.PreKGAgeNonIDEA5_YN
Schools, S_SCH_CRDC_X.PrimarySchoolRecord_TF
Schools, S_SCH_CRDC_X.SCH_ID
Schools, S_SCH_CRDC_X.UngradedDetail
Schools, ScheduleWhichSchool
Schools, School_Number
Schools, SchoolAddress
Schools, SchoolCity
Schools, SchoolCountry
Schools, SchoolFax
Schools, SchoolGroup
Schools, SchoolInfo_guid
Schools, SchoolPhone
Schools, SchoolsCoreFields.Att_Sec_Email
Schools, SchoolsSuccessNetFields.AB_PSN_SchoolPID
Schools, SchoolsSuccessNetFields.AK_PSN_SchoolPID
Schools, SchoolsSuccessNetFields.AL_PSN_SchoolPID
Schools, SchoolsSuccessNetFields.AR_PSN_SchoolPID
Schools, SchoolsSuccessNetFields.AS_PSN_SchoolPID
Schools, SchoolsSuccessNetFields.AZ_PSN_SchoolPID
Schools, SchoolsSuccessNetFields.BC_PSN_SchoolPID
Schools, SchoolsSuccessNetFields.CA_PSN_SchoolPID
Schools, SchoolsSuccessNetFields.CO_PSN_SchoolPID
Schools, SchoolsSuccessNetFields.CT_PSN_SchoolPID
Schools, SchoolsSuccessNetFields.DC_PSN_SchoolPID
Schools, SchoolsSuccessNetFields.DE_PSN_SchoolPID
Schools, SchoolsSuccessNetFields.FL_PSN_SchoolPID
Schools, SchoolsSuccessNetFields.GA_PSN_SchoolPID
Schools, SchoolsSuccessNetFields.GU_PSN_SchoolPID
Schools, SchoolsSuccessNetFields.HI_PSN_SchoolPID
Schools, SchoolsSuccessNetFields.IA_PSN_SchoolPID
Schools, SchoolsSuccessNetFields.ID_PSN_SchoolPID
Schools, SchoolsSuccessNetFields.IL_PSN_SchoolPID
Schools, SchoolsSuccessNetFields.IN_PSN_SchoolPID
Schools, SchoolsSuccessNetFields.KS_PSN_SchoolPID
Schools, SchoolsSuccessNetFields.KY_PSN_SchoolPID
Schools, SchoolsSuccessNetFields.LA_PSN_SchoolPID
Schools, SchoolsSuccessNetFields.MA_PSN_SchoolPID
Schools, SchoolsSuccessNetFields.MB_PSN_SchoolPID
Schools, SchoolsSuccessNetFields.MD_PSN_SchoolPID
Schools, SchoolsSuccessNetFields.ME_PSN_SchoolPID
Schools, SchoolsSuccessNetFields.MI_PSN_SchoolPID
Schools, SchoolsSuccessNetFields.MN_PSN_SchoolPID
Schools, SchoolsSuccessNetFields.MO_PSN_SchoolPID
Schools, SchoolsSuccessNetFields.MS_PSN_SchoolPID
Schools, SchoolsSuccessNetFields.MT_PSN_SchoolPID
Schools, SchoolsSuccessNetFields.NB_PSN_SchoolPID
Schools, SchoolsSuccessNetFields.NC_PSN_SchoolPID
Schools, SchoolsSuccessNetFields.ND_PSN_SchoolPID
Schools, SchoolsSuccessNetFields.NE_PSN_SchoolPID
Schools, SchoolsSuccessNetFields.NH_PSN_SchoolPID
Schools, SchoolsSuccessNetFields.NJ_PSN_SchoolPID
Schools, SchoolsSuccessNetFields.NL_PSN_SchoolPID
Schools, SchoolsSuccessNetFields.NM_PSN_SchoolPID
Schools, SchoolsSuccessNetFields.NS_PSN_SchoolPID
Schools, SchoolsSuccessNetFields.NT_PSN_SchoolPID
Schools, SchoolsSuccessNetFields.NU_PSN_SchoolPID
Schools, SchoolsSuccessNetFields.NV_PSN_SchoolPID
Schools, SchoolsSuccessNetFields.NY_PSN_SchoolPID
Schools, SchoolsSuccessNetFields.OH_PSN_SchoolPID
Schools, SchoolsSuccessNetFields.OK_PSN_SchoolPID
Schools, SchoolsSuccessNetFields.ON_PSN_SchoolPID
Schools, SchoolsSuccessNetFields.OR_PSN_SchoolPID
Schools, SchoolsSuccessNetFields.PA_PSN_SchoolPID
Schools, SchoolsSuccessNetFields.PE_PSN_SchoolPID
Schools, SchoolsSuccessNetFields.PR_PSN_SchoolPID
Schools, SchoolsSuccessNetFields.QC_PSN_SchoolPID
Schools, SchoolsSuccessNetFields.RI_PSN_SchoolPID
Schools, SchoolsSuccessNetFields.SC_PSN_SchoolPID
Schools, SchoolsSuccessNetFields.SD_PSN_SchoolPID
Schools, SchoolsSuccessNetFields.SK_PSN_SchoolPID
Schools, SchoolsSuccessNetFields.TN_PSN_SchoolPID
Schools, SchoolsSuccessNetFields.TX_PSN_SchoolPID
Schools, SchoolsSuccessNetFields.UT_PSN_SchoolPID
Schools, SchoolsSuccessNetFields.VA_PSN_SchoolPID
Schools, SchoolsSuccessNetFields.VI_PSN_SchoolPID
Schools, SchoolsSuccessNetFields.VT_PSN_SchoolPID
Schools, SchoolsSuccessNetFields.WA_PSN_SchoolPID
Schools, SchoolsSuccessNetFields.WI_PSN_SchoolPID
Schools, SchoolsSuccessNetFields.WV_PSN_SchoolPID
Schools, SchoolsSuccessNetFields.WY_PSN_SchoolPID
Schools, SchoolsSuccessNetFields.YT_PSN_SchoolPID
Schools, SchoolState
Schools, SchoolZip
Schools, SIF_StatePrId
Schools, SortOrder
Schools, State_ExcludeFromReporting
Schools, SysEmailFrom
Schools, TchrLogEntrTo
Schools, View_in_Portal
SchoolStaff, DCID
SchoolStaff, Balance1
SchoolStaff, Balance2
SchoolStaff, Balance3
SchoolStaff, Balance4
SchoolStaff, Classpua
SchoolStaff, Custom
SchoolStaff, ID
SchoolStaff, Log
SchoolStaff, NoOfCurClasses
SchoolStaff, Notes
SchoolStaff, Sched_ActivityStatusCode
SchoolStaff, Sched_BuildingCode
SchoolStaff, Sched_Classroom
SchoolStaff, Sched_Department
SchoolStaff, Sched_Gender
SchoolStaff, Sched_Homeroom
SchoolStaff, Sched_HouseCode
SchoolStaff, Sched_IsTeacherFree
SchoolStaff, Sched_Lunch
SchoolStaff, Sched_MaximumConsecutive
SchoolStaff, Sched_MaximumCourses
SchoolStaff, Sched_MaximumDuty
SchoolStaff, Sched_MaximumFree
SchoolStaff, Sched_MaxPers
SchoolStaff, Sched_MaxPreps
SchoolStaff, Sched_PrimarySchoolCode
SchoolStaff, Sched_Scheduled
SchoolStaff, Sched_Substitute
SchoolStaff, Sched_TeacherMoreOneSchool
SchoolStaff, Sched_Team
SchoolStaff, Sched_TotalCourses
SchoolStaff, Sched_UseBuilding
SchoolStaff, Sched_UseHouse
SchoolStaff, SchoolID
SchoolStaff, StaffStatus
SchoolStaff, Status
SchoolStaff, Users_DCID
Section_Meeting, DCID
Section_Meeting, Cycle_Day_Letter
Section_Meeting, ID
Section_Meeting, Meeting
Section_Meeting, Period_Number
Section_Meeting, SchoolID
Section_Meeting, SectionID
Section_Meeting, Year_ID
SectionScores, DCID
SectionScores, Assignment
SectionScores, Comment
SectionScores, Exempt
SectionScores, Grade
SectionScores, ID
SectionScores, Percent
SectionScores, Score
SectionScores, SectionID
SectionScores, StudentID
SectionScores, Unused1
SectionScoresID, DCID
SectionScoresID, ID
SectionScoresID, SectionID
SectionScoresID, StudentID
Sections, DCID
Sections, Att_Mode_Code
Sections, Attendance
Sections, Attendance_Type_Code
Sections, Bitmap
Sections, BlockPeriods_Obsolete
Sections, BuildID
Sections, CampusID
Sections, CCRNArray
Sections, Comment
Sections, Course_Number
Sections, CRDC_SingleSexCode
Sections, Custom
Sections, Days_Obsolete
Sections, Dependent_Secs
Sections, DistUniqueID
Sections, Exclude_ADA
Sections, Exclude_State_Rpt_YN
Sections, ExcludeFromClassRank
Sections, ExcludeFromGPA
Sections, ExcludeFromHonorRoll
Sections, ExcludeFromStoredGrades
Sections, Expression
Sections, FastPerList
Sections, Grade_Level
Sections, GradebookType
Sections, GradeProfile
Sections, GradeScaleID
Sections, House
Sections, ID
Sections, Instruction_Lang
Sections, LastAttUpdate
Sections, Log
Sections, MA_course_level
Sections, MA_course_term
Sections, MA_exclude_from_epims
Sections, MA_marknotrequired
Sections, MA_nces_code
Sections, MA_nopercent
Sections, MA_SchoolCode
Sections, MA_ungraded
Sections, Max_Load_Status
Sections, MaxCut
Sections, MaxEnrollment
Sections, No_of_students
Sections, NoOfTerms
Sections, Original_Expression
Sections, Parent_Section_ID
Sections, Period_Obsolete
Sections, PGFlags
Sections, PGVersion
Sections, ProgramID
Sections, Room
Sections, RosterModSer
Sections, S_MA_SEC_X.MediumOfInstruction
Sections, S_SEC_CRDC_X.BlockScheduledClass_TF
Sections, ScheduleSectionID
Sections, SchoolID
Sections, Section_Number
Sections, Section_Type
Sections, SectionInfo_guid
Sections, SortOrder
Sections, Teacher
Sections, TeacherDescr
Sections, Team
Sections, TermID
Sections, TrackTeacherAtt
Sections, WhereTaught
Sections, WhereTaughtDistrict
SeqNo, DCID
SeqNo, SeqNoID
SeqNo, SeqNoName
Server_Config, DCID
Server_Config, Config_GroupID
Server_Config, Config_Value
Server_Config, Created_By
Server_Config, Created_TS
Server_Config, ID
Server_Config, Modified_By
Server_Config, Modified_TS
Server_Config, Name
Server_Config, Server_InstanceID
Server_Instance, DCID
Server_Instance, Description
Server_Instance, Host_IP
Server_Instance, Host_Name
Server_Instance, ID
Server_Instance, Server_State
Server_Instance, Server_State_TS
Server_Instance, User_Supplied_Name
Server_Instance, Version_Number
SpEnrollments, DCID
SpEnrollments, Code1
SpEnrollments, Code2
SpEnrollments, Custom
SpEnrollments, Enter_Date
SpEnrollments, Exit_Date
SpEnrollments, ExitCode
SpEnrollments, GradeLevel
SpEnrollments, ID
SpEnrollments, ProgramID
SpEnrollments, SchoolID
SpEnrollments, SP_Comment
SpEnrollments, StudentID
StoredGrades, DCID
StoredGrades, AB_Course_Cmp_Ext_Crd
StoredGrades, AB_Course_Cmp_Fun_Flg
StoredGrades, AB_Course_Cmp_Fun_Sch
StoredGrades, AB_Course_Cmp_Met_Cd
StoredGrades, AB_Course_Cmp_Sta_Cd
StoredGrades, AB_Course_Eva_Pro_Cd
StoredGrades, AB_Dipl_Exam_Mark
StoredGrades, AB_Final_Mark
StoredGrades, AB_Lng_Cd
StoredGrades, AB_Pri_Del_Met_Cd
StoredGrades, Absences
StoredGrades, Behavior
StoredGrades, Comment
StoredGrades, Course_Equiv
StoredGrades, Course_Name
StoredGrades, Course_Number
StoredGrades, Credit_Type
StoredGrades, Custom
StoredGrades, DateStored
StoredGrades, EarnedCrHrs
StoredGrades, ExcludeFromClassRank
StoredGrades, ExcludeFromGPA
StoredGrades, ExcludeFromGradeSuppression
StoredGrades, ExcludeFromGraduation
StoredGrades, ExcludeFromHonorRoll
StoredGrades, ExcludeFromTranscripts
StoredGrades, GPA_AddedValue
StoredGrades, GPA_Custom1
StoredGrades, GPA_Custom2
StoredGrades, GPA_Points
StoredGrades, Grade
StoredGrades, Grade_Level
StoredGrades, GradeReplacementPolicy_ID
StoredGrades, GradeScale_Name
StoredGrades, IsEarnedCrHrsFromGB
StoredGrades, IsPotentialCrHrsFromGB
StoredGrades, Log
StoredGrades, Percent
StoredGrades, PotentialCrHrs
StoredGrades, Replaced_DCID
StoredGrades, Replaced_Equivalent_Course
StoredGrades, Replaced_Grade
StoredGrades, SchoolID
StoredGrades, SchoolName
StoredGrades, SectionID
StoredGrades, StoreCode
StoredGrades, StudentID
StoredGrades, Tardies
StoredGrades, Teacher_Name
StoredGrades, TermBinsName
StoredGrades, TermID
StudentRace, DCID
StudentRace, ID
StudentRace, RaceCd
StudentRace, StudentID
StudentRace, WhoCreated
StudentRace, WhoModified
Students, DCID
Students, ACT_composite
Students, ACT_date
Students, ACT_english
Students, ACT_math
Students, ACT_reading
Students, ACT_science
Students, Activities.xlhs_basketball_boys
Students, Activities.xlhs_basketball_girls
Students, Activities.xlhs_mun
Students, Activities.xlhs_soccer_boys
Students, Activities.xlhs_soccer_girls
Students, Activities.xlhs_varsity_soccer
Students, Activities.xlhs_varsity_soccer_boys
Students, Activities.xlhs_varsity_soccer_girls
Students, Alert_Discipline
Students, Alert_DisciplineExpires
Students, Alert_Guardian
Students, Alert_GuardianExpires
Students, Alert_Medical
Students, Alert_MedicalExpires
Students, Alert_Other
Students, Alert_OtherExpires
Students, allergies
Students, AllowWebAccess
Students, Applic_Response_Recvd_Date
Students, Applic_Submitted_Date
Students, area
Students, ATE_skill_cert
Students, AutoCall_Number1
Students, AutoCall_Number2
Students, Balance1
Students, Balance2
Students, Balance3
Students, Balance4
Students, Building
Students, Bus_Route
Students, Bus_Stop
Students, C_STUDENTLOCATOR.ISOK_TO_TRANSFER
Students, C_STUDENTLOCATOR.NEXT_LOCATOR
Students, C_STUDENTLOCATOR.PREV_LOCATOR
Students, CampusID
Students, City
Students, ClassOf
Students, Cumulative_GPA
Students, Cumulative_Pct
Students, Custom
Students, CustomRank_GPA
Students, Dentist_Name
Students, Dentist_Phone
Students, DistrictEntryDate
Students, DistrictEntryGradeLevel
Students, DistrictOfResidence
Students, DOB
Students, Doctor_Name
Students, Doctor_Phone
Students, Emerg_1_Ptype
Students, Emerg_1_Rel
Students, Emerg_2_Ptype
Students, Emerg_2_Rel
Students, Emerg_3_Phone
Students, Emerg_3_Ptype
Students, Emerg_3_Rel
Students, Emerg_Contact_1
Students, Emerg_Contact_2
Students, Emerg_Contact_2
Students, Emerg_Contact_3
Students, Emerg_Phone_1
Students, Emerg_Phone_2
Students, Enroll_Status
Students, Enrollment_SchoolID
Students, Enrollment_Transfer_Date_Pend
Students, Enrollment_Transfer_Info
Students, EnrollmentCode
Students, EnrollmentID
Students, EnrollmentType
Students, EntryCode
Students, EntryDate
Students, ESL_placement
Students, Ethnicity
Students, Exclude_fr_rank
Students, ExitCode
Students, ExitComment
Students, ExitDate
Students, Family_Ident
Students, Father
Students, Father_Employer
Students, Father_home_phone
Students, Father_StudentCont_guid
Students, fatherdayphone
Students, FedEthnicity
Students, FedRaceDecline
Students, Fee_Exemption_Status
Students, First_Name
Students, FTEID
Students, FullTimeEquiv_obsolete
Students, Gender
Students, Geocode
Students, GPEntryYear
Students, Grade_Level
Students, GradReqSet
Students, GradReqSetID
Students, Graduated_Rank
Students, Graduated_SchoolID
Students, Graduated_SchoolName
Students, graduation_year
Students, Guardian_FN
Students, Guardian_LN
Students, Guardian_MN
Students, Guardian_StudentCont_guid
Students, guardiandayphone
Students, GuardianEmail
Students, GuardianFax
Students, guardianship
Students, HLN
Students, Home_Phone
Students, Home_Room
Students, House
Students, ID
Students, ILDP
Students, immunizaton_dpt
Students, immunizaton_mmr
Students, immunizaton_polio
Students, Last_Name
Students, LastFirst
Students, LastMeal
Students, LDAPEnabled
Students, LEP_exit_date
Students, LEP_status
Students, Lock_Number
Students, Locker_Combination
Students, Locker_Number
Students, Log
Students, LPAC_date
Students, Lunch_ID
Students, LunchStatus
Students, MA_504PlanStatus
Students, MA_AltEd
Students, MA_BilingualStatus
Students, MA_BirthCity
Students, MA_City
Students, MA_CountryOrigin
Students, MA_DOE029
Students, MA_DOE030
Students, MA_DOE039
Students, MA_DOE041
Students, MA_DOE043
Students, MA_DOE044
Students, MA_DOE045
Students, MA_DOE046
Students, MA_DOE047
Students, MA_DOE048
Students, MA_DOE049
Students, MA_DOE050
Students, MA_DOE051
Students, MA_DOE052
Students, MA_DOERptFlag
Students, MA_EngProficiency
Students, MA_EnrollCode
Students, MA_EnrollStatus
Students, MA_ERCode
Students, MA_FuturePlans
Students, MA_Graduate
Students, MA_HomeLang
Students, MA_ImmgrStatus
Students, MA_IncomeStatus
Students, MA_LASID
Students, MA_LEPinUS
Students, MA_LevNeed
Students, MA_middle_name
Students, MA_MilitaryStatus
Students, MA_MSRRptFlag
Students, MA_OEPType
Students, MA_PIncomeStatus
Students, MA_PrimDisabil
Students, MA_RptReason
Students, MA_SAS_Resident
Students, MA_SchoolCode
Students, MA_SIF_FTE
Students, MA_SpecEd35
Students, MA_SpecEd621
Students, MA_SpecialPop
Students, MA_SpEdEvaluationRes
Students, MA_TechCompAttain
Students, MA_TitleI
Students, Mailing_City
Students, Mailing_Geocode
Students, Mailing_State
Students, Mailing_Street
Students, Mailing_Zip
Students, Medical_Considerations
Students, MembershipShare
Students, Middle_Name
Students, monitor_date
Students, Mother
Students, Mother_Employer
Students, Mother_home_phone
Students, Mother_StudentCont_guid
Students, motherdayphone
Students, Next_School
Students, parttimestudent
Students, Person_ID
Students, Phone_ID
Students, PhotoFlag
Students, PL_Language
Students, Preferred_AutoCall_Language
Students, prevstudentid
Students, S_MA_STU_SIMS_X.NonInstructionalTitle1Services
Students, SAT
Students, Sched_LoadLock
Students, Sched_LockStudentSchedule
Students, Sched_NextYearBuilding
Students, Sched_NextYearBus
Students, Sched_NextYearGrade
Students, Sched_NextYearHomeRoom
Students, Sched_NextYearHouse
Students, Sched_NextYearTeam
Students, Sched_Priority
Students, Sched_Scheduled
Students, Sched_YearOfGraduation
Students, SchoolEntryDate
Students, SchoolEntryGradeLevel
Students, SchoolID
Students, SDataRN
Students, Simple_GPA
Students, Simple_PCT
Students, SSN
Students, State
Students, State_EnrollFlag
Students, State_ExcludeFromReporting
Students, State_StudentNumber
Students, Street
Students, Student_AllowWebAccess
Students, Student_Number
Students, Student_Web_ID
Students, Student_Web_Password
Students, StudentPers_guid
Students, StudentPict_guid
Students, StudentSchlEnrl_guid
Students, SummerSchoolID
Students, SummerSchoolNote
Students, TeacherGroupID
Students, Team
Students, Track
Students, Tracker
Students, TransferComment
Students, TuitionPayer
Students, Web_ID
Students, Web_Password
Students, Withdrawal_Reason_Code
Students, WM_Address
Students, WM_CreateDate
Students, WM_CreateTime
Students, WM_Password
Students, WM_Status
Students, WM_StatusDate
Students, WM_TA_Date
Students, WM_TA_Flag
Students, WM_Tier
Students, XLHS_Basketball_Boys
Students, XLHS_Basketball_Girls
Students, XLHS_MUN
Students, XLHS_Soccer_Boys
Students, XLHS_Soccer_Girls
Students, XLHS_Varsity_Soccer
Students, XLHS_Varsity_Soccer_Boys
Students, XLHS_Varsity_Soccer_Girls
Students, Zip
StudentTest, DCID
StudentTest, Grade_Level
StudentTest, ID
StudentTest, SchoolID
StudentTest, StudentID
StudentTest, TermID
StudentTest, Test_Date
StudentTest, TestID
TeacherRace, DCID
TeacherRace, ID
TeacherRace, RaceCd
TeacherRace, TeacherID
TeacherRace, WhoCreated
TeacherRace, WhoModified
Teachers, DCID
Teachers, Access
Teachers, AdminLDAPEnabled
Teachers, AllowLoginEnd
Teachers, AllowLoginStart
Teachers, Balance1
Teachers, Balance2
Teachers, Balance3
Teachers, Balance4
Teachers, CanChangeSchool
Teachers, City
Teachers, Classpua
Teachers, Custom
Teachers, DefaultStudScrn
Teachers, dob
Teachers, Email_Addr
Teachers, Ethnicity
Teachers, FedEthnicity
Teachers, FedRaceDecline
Teachers, First_Name
Teachers, gender
Teachers, GradebookType
Teachers, Group
Teachers, Home_Phone
Teachers, HomePage
Teachers, Homeroom
Teachers, HomeSchoolId
Teachers, ID
Teachers, IPAddrRestrict
Teachers, Last_Name
Teachers, LastFirst
Teachers, LastMeal
Teachers, Log
Teachers, LoginID
Teachers, Lunch_ID
Teachers, MA_ERCode
Teachers, MA_exclude_from_dw
Teachers, MA_exclude_from_epims
Teachers, MA_mepid
Teachers, Maximum_Load
Teachers, Middle_Name
Teachers, NameAsImported
Teachers, NoOfCurClasses
Teachers, Notes
Teachers, NumLogins
Teachers, Password
Teachers, PeriodsAvail
Teachers, Photo
Teachers, PowerGradePW
Teachers, PreferredName
Teachers, PSAccess
Teachers, PTAccess
Teachers, Sched_ActivityStatusCode
Teachers, Sched_BuildingCode
Teachers, Sched_Classroom
Teachers, Sched_Department
Teachers, Sched_Gender
Teachers, Sched_Homeroom
Teachers, Sched_HouseCode
Teachers, Sched_IsTeacherFree
Teachers, Sched_Lunch
Teachers, Sched_MaximumConsecutive
Teachers, Sched_MaximumCourses
Teachers, Sched_MaximumDuty
Teachers, Sched_MaximumFree
Teachers, Sched_MaxPers
Teachers, Sched_MaxPreps
Teachers, Sched_PrimarySchoolCode
Teachers, Sched_Scheduled
Teachers, Sched_Substitute
Teachers, Sched_TeacherMoreOneSchool
Teachers, Sched_Team
Teachers, Sched_TotalCourses
Teachers, Sched_UseBuilding
Teachers, Sched_UseHouse
Teachers, School_Phone
Teachers, SchoolID
Teachers, SchoolnetRoles
Teachers, SIF_StatePrid
Teachers, SSN
Teachers, StaffPers_guid
Teachers, StaffStatus
Teachers, State
Teachers, Status
Teachers, Street
Teachers, supportContact
Teachers, TeacherLDAPEnabled
Teachers, TeacherLoginID
Teachers, TeacherLoginIP
Teachers, TeacherLoginPW
Teachers, TeacherNumber
Teachers, Title
Teachers, Users_DCID
Teachers, WM_Address
Teachers, WM_Alias
Teachers, WM_CreateDate
Teachers, WM_CreateTime
Teachers, WM_Exclude
Teachers, WM_Password
Teachers, WM_Status
Teachers, WM_StatusDate
Teachers, WM_TA_Date
Teachers, WM_TA_Flag
Teachers, WM_Tier
Teachers, Zip
TermBins, DCID
TermBins, ChangeGradeTo
TermBins, CitAsmt
TermBins, Collect
TermBins, CollectionDate
TermBins, CreditPct
TermBins, CreditString
TermBins, CurrentGrade
TermBins, Date1
TermBins, Date2
TermBins, Description
TermBins, ExcludedMarks
TermBins, GradeScaleID
TermBins, ID
TermBins, NumAttPoints
TermBins, SchoolID
TermBins, ShowOnSpreadSht
TermBins, StoreCode
TermBins, StoreGrades
TermBins, SuppressLtrGrd
TermBins, SuppressPercentScr
TermBins, TermID
TermBins, YearID
Terms, DCID
Terms, Abbreviation
Terms, Attendance_Calculation_Code
Terms, AutoBuildBin
Terms, Days_Per_Cycle
Terms, FirstDay
Terms, ID
Terms, ImportMap
Terms, IsYearRec
Terms, LastDay
Terms, Name
Terms, NoOfDays
Terms, Periods_Per_Day
Terms, Portion
Terms, SchoolID
Terms, STerms
Terms, TermInfo_guid
Terms, TermsInYear
Terms, YearID
Terms, YearlyCreditHrs
Test, DCID
Test, Description
Test, ID
Test, Name
Test, Test_Type
UCols, DCID
UCols, Alignment
UCols, ContentLI
UCols, ContentS
UCols, ContentType
UCols, Data
UCols, Format
UCols, Label
UCols, RunningWidth
UCols, Seq
UCols, SortOrder
UCols, Title
UCols, Type
UCols, Unused1
UCols, Unused2
UCols, UTableID
UCols, Width
Users, DCID
Users, Access
Users, AdminLDAPEnabled
Users, AllowLoginEnd
Users, AllowLoginStart
Users, CanChangeSchool
Users, City
Users, DefaultStudScrn
Users, Email_Addr
Users, Ethnicity
Users, FedEthnicity
Users, FedRaceDecline
Users, First_Name
Users, GradebookType
Users, Group
Users, Home_Phone
Users, HomePage
Users, Homeroom
Users, HomeSchoolId
Users, IPAddrRestrict
Users, Last_Name
Users, LastFirst
Users, LastMeal
Users, LoginID
Users, Lunch_ID
Users, Maximum_Load
Users, Middle_Name
Users, NameAsImported
Users, NumLogins
Users, Password
Users, PeriodsAvail
Users, Photo
Users, PowerGradePW
Users, PreferredName
Users, PSAccess
Users, PTAccess
Users, S_MA_USR_Demographic_X.StateOverride_FirstName
Users, S_MA_USR_Demographic_X.StateOverride_LastName
Users, S_MA_USR_Demographic_X.StateOverride_MiddleName
Users, S_MA_USR_StaffRoster_X.BeginningEducator
Users, S_MA_USR_StaffRoster_X.EvaluationDate
Users, S_MA_USR_StaffRoster_X.EvaluatorMEPID
Users, S_MA_USR_StaffRoster_X.StaffActualAttendDays
Users, S_MA_USR_StaffRoster_X.StaffExpectedAttendDays
Users, S_MA_USR_WAR_X.MaxFTE
Users, School_Phone
Users, SIF_StatePrid
Users, SSN
Users, StaffPers_guid
Users, State
Users, Street
Users, supportContact
Users, TeacherLDAPEnabled
Users, TeacherLoginID
Users, TeacherLoginIP
Users, TeacherLoginPW
Users, TeacherNumber
Users, Title
Users, WM_Address
Users, WM_Alias
Users, WM_CreateDate
Users, WM_CreateTime
Users, WM_Exclude
Users, WM_Password
Users, WM_Status
Users, WM_StatusDate
Users, WM_TA_Date
Users, WM_TA_Flag
Users, WM_Tier
Users, Zip
UTable, DCID
UTable, Custom
UTable, Data
UTable, FileNumber
UTable, ID
UTable, Name
UTable, NoOfColumns
UTable, Type
UTable, unused5
UTable, unused6
UTable, Width
VirtualFieldsDef, DCID
VirtualFieldsDef, accessPrivileges
VirtualFieldsDef, default_Value
VirtualFieldsDef, description
VirtualFieldsDef, display_as
VirtualFieldsDef, displayInList
VirtualFieldsDef, displayInPageView
VirtualFieldsDef, format
VirtualFieldsDef, hideFromUser
VirtualFieldsDef, kind
VirtualFieldsDef, linkTo_VirtTabDefID
VirtualFieldsDef, mandatory
VirtualFieldsDef, maximum_Value
VirtualFieldsDef, maxNbrOfChars
VirtualFieldsDef, minimum_Value
VirtualFieldsDef, modifiable
VirtualFieldsDef, name
VirtualFieldsDef, orderOnEntryForm
VirtualFieldsDef, popupMenuContents
VirtualFieldsDef, reference
VirtualFieldsDef, type
VirtualFieldsDef, unique_ID
VirtualFieldsDef, userLabel
VirtualTablesData2, DCID
VirtualTablesData2, created_By
VirtualTablesData2, created_On
VirtualTablesData2, custom
VirtualTablesData2, foreignKey
VirtualTablesData2, foreignKey_alpha
VirtualTablesData2, last_Modified
VirtualTablesData2, linkTo_Def_ID
VirtualTablesData2, modified_By
VirtualTablesData2, related_To_Table
VirtualTablesData2, schoolID
VirtualTablesData2, unique_ID
VirtualTablesData2, user_defined_date
VirtualTablesData2, user_defined_date2
VirtualTablesData2, user_defined_integer
VirtualTablesData2, user_defined_numeric
VirtualTablesData2, user_defined_text
VirtualTablesData2, user_defined_text2
VirtualTablesData, DCID
VirtualTablesData, created_By
VirtualTablesData, created_On
VirtualTablesData, custom
VirtualTablesData, foreignKey
VirtualTablesData, foreignKey_alpha
VirtualTablesData, last_Modified
VirtualTablesData, linkTo_Def_ID
VirtualTablesData, modified_By
VirtualTablesData, related_To_Table
VirtualTablesData, schoolID
VirtualTablesData, unique_ID
VirtualTablesData, user_defined_date
VirtualTablesData, user_defined_date2
VirtualTablesData, user_defined_integer
VirtualTablesData, user_defined_numeric
VirtualTablesData, user_defined_text
VirtualTablesData, user_defined_text2
VirtualTablesDef, DCID
VirtualTablesDef, accessPrivileges
VirtualTablesDef, actualDataTable_Ref
VirtualTablesDef, created_By
VirtualTablesDef, created_On
VirtualTablesDef, data_can_be_added
VirtualTablesDef, data_can_be_deleted
VirtualTablesDef, data_can_be_modified
VirtualTablesDef, DateOfImport
VirtualTablesDef, def_sort_dir1
VirtualTablesDef, def_sort_fld1
VirtualTablesDef, description
VirtualTablesDef, excludeFromListForExport
VirtualTablesDef, excludeFromListForImport
VirtualTablesDef, includeInList
VirtualTablesDef, inputPageInfo
VirtualTablesDef, Invisible
VirtualTablesDef, kind
VirtualTablesDef, last_Modified
VirtualTablesDef, linkedToTable
VirtualTablesDef, linkingField
VirtualTablesDef, listOption_InsertLinkToPageView
VirtualTablesDef, listOption_ShowIndex
VirtualTablesDef, listPageInfo
VirtualTablesDef, LoadedFrom_DateStamp
VirtualTablesDef, LoadedFrom_FileName
VirtualTablesDef, LoadedFrom_FilePathOnly
VirtualTablesDef, modified_By
VirtualTablesDef, school_ID
VirtualTablesDef, schoolSpecific
VirtualTablesDef, table_Name
VirtualTablesDef, unique_ID
VirtualTablesDef, user_Label
